<?xml version="1.0"?>
<extension type="module" version="1.0.0" method="upgrade" client="site">
    <name>MODULE_CAROUSEL</name>
    <author></author>
    <authorEmail></authorEmail>
    <authorUrl></authorUrl>
    <copyright></copyright>
    <license></license>
    <version>1.3</version>
    <description>MOD_CAROUSEL_DESC</description>
    <files>
        <filename module="mod_carousel">mod_carousel.php</filename>
        <filename>index.html</filename>
        <filename>helper.php</filename>
        <folder>tmpl</folder>
    </files>
	<languages>
		<language tag="en-GB">language/en-GB.mod_carousel.ini</language>
		<language tag="en-GB">language/en-GB.mod_carousel.sys.ini</language>
		<language tag="ru-RU">language/ru-RU.mod_carousel.ini</language>
		<language tag="ru-RU">language/ru-RU.mod_carousel.sys.ini</language>
	</languages>
    <config>
        <fields name="params">
            <fieldset name="basic">
				<field
					name="carouselType"
					type="radio"
					label="MOD_CAROUSEL_TYPE"
					required="true"
				>
					<option value="1">For main page</option>
					<option value="2">Custom luxory tour type</option>
				</field>
				<field 
						name="title0"
						type="text"
						label="MOD_CAROUSEL_TITLE0"
						required="false"
						default=""
						class=""
						readonly="false"
						disabled="false"
						filter="">
				</field>
				<field 
						name="text0"
						type="textarea"
						label="MOD_CAROUSEL_TEXT0"
						required="false"
						default=""
						rows="10"
						class=""
						readonly="false"
						disabled="false"
						filter="raw">
				</field>
				<field 
						name="image0"
						type="media"
						label="MOD_CAROUSEL_IMAGE0"
						required="false"
						default=""
						directory="images">
				</field>
				
				<field 
						name="title1"
						type="text"
						label="MOD_CAROUSEL_TITLE1"
						required="false"
						default=""
						class=""
						readonly="false"
						disabled="false"
						filter="">
				</field>
				<field 
						name="text1"
						type="textarea"
						label="MOD_CAROUSEL_TEXT1"
						required="false"
						default=""
						rows="10"
						class=""
						readonly="false"
						disabled="false"
						filter="raw">
				</field>
				<field 
						name="image1"
						type="media"
						label="MOD_CAROUSEL_IMAGE1"
						required="false"
						default=""
						directory="images">
				</field>
				
				<field 
						name="title2"
						type="text"
						label="MOD_CAROUSEL_TITLE2"
						required="false"
						default=""
						class=""
						readonly="false"
						disabled="false"
						filter="">
				</field>
				<field 
						name="text2"
						type="textarea"
						label="MOD_CAROUSEL_TEXT2"
						required="false"
						default=""
						rows="10"
						class=""
						readonly="false"
						disabled="false"
						filter="raw">
				</field>
				<field 
						name="image2"
						type="media"
						label="MOD_CAROUSEL_IMAGE2"
						required="false"
						default=""
						directory="images">
				</field>
				
				<field 
						name="title3"
						type="text"
						label="MOD_CAROUSEL_TITLE3"
						required="false"
						default=""
						class=""
						readonly="false"
						disabled="false"
						filter="">
				</field>
				<field 
						name="text3"
						type="textarea"
						label="MOD_CAROUSEL_TEXT3"
						required="false"
						default=""
						rows="10"
						class=""
						readonly="false"
						disabled="false"
						filter="raw">
				</field>
				<field 
						name="image3"
						type="media"
						label="MOD_CAROUSEL_IMAGE3"
						required="false"
						default=""
						directory="images">
				</field>
				
				<field 
						name="title4"
						type="text"
						label="MOD_CAROUSEL_TITLE4"
						required="false"
						default=""
						class=""
						readonly="false"
						disabled="false"
						filter="">
				</field>
				<field 
						name="text4"
						type="textarea"
						label="MOD_CAROUSEL_TEXT4"
						required="false"
						default=""
						rows="10"
						class=""
						readonly="false"
						disabled="false"
						filter="raw">
				</field>
				<field 
						name="image4"
						type="media"
						label="MOD_CAROUSEL_IMAGE4"
						required="false"
						default=""
						directory="images">
				</field>
            </fieldset>
            <fieldset name="advanced">
                <field name="layout" type="modulelayout" label="JFIELD_ALT_LAYOUT_LABEL"
                       description="JFIELD_ALT_MODULE_LAYOUT_DESC"/>
                <field name="moduleclass_sfx" type="text" label="COM_MODULES_FIELD_MODULECLASS_SFX_LABEL"
                       description="COM_MODULES_FIELD_MODULECLASS_SFX_DESC"/>
                <field name="cache" type="list" label="COM_MODULES_FIELD_CACHING_LABEL"
                       description="COM_MODULES_FIELD_CACHING_DESC" default="1">
                    <option value="0">COM_MODULES_FIELD_VALUE_NOCACHING</option>
                    <option value="1">JGLOBAL_USE_GLOBAL</option>
                </field>
            </fieldset>
        </fields>
    </config>
</extension>