<?xml version="1.0"?>
<extension type="module" version="1.0.0" method="upgrade" client="site">
    <name>MODULE_CATEGOTY_FAQ</name>
    <author></author>
    <authorEmail></authorEmail>
    <authorUrl></authorUrl>
    <copyright></copyright>
    <license></license>
    <version>1.1</version>
    <description>MOD_CATEGOTY_FAQ_DESC</description>
    <files>
        <filename module="mod_categoty_faq">mod_categoty_faq.php</filename>
        <filename>index.html</filename>
        <filename>helper.php</filename>
        <folder>tmpl</folder>
    </files>
	<languages>
		<language tag="en-GB">language/en-GB.mod_categoty_faq.ini</language>
		<language tag="en-GB">language/en-GB.mod_categoty_faq.sys.ini</language>
		<language tag="ru-RU">language/ru-RU.mod_categoty_faq.ini</language>
		<language tag="ru-RU">language/ru-RU.mod_categoty_faq.sys.ini</language>
	</languages>
    <config>
        <fields name="params">
            <fieldset name="basic">
				<field 
						name="name"
						type="text"
						label="MOD_CATEGOTY_FAQ_NAME"
						required="false"
						default=""
						size="10"
						class=""
						readonly="false"
						disabled="false"
						filter="">
				</field>
				
				<field 
						name="label0"
						type="text"
						label="MOD_CATEGOTY_FAQ_LABEL0"
						required="false"
						default=""
						size="10"
						class=""
						readonly="false"
						disabled="false"
						filter="">
				</field>
				<field 
						name="info0"
						type="textarea"
						label="MOD_CATEGOTY_FAQ_INFO0"
						required="false"
						default=""
						cols="50"
						rows="10"
						class=""
						filter="raw">
				</field>
				
				<field
						name="label1"
						type="text"
						label="MOD_CATEGOTY_FAQ_LABEL1"
						required="false"
						default=""
						size="10"
						class=""
						readonly="false"
						disabled="false"
						filter="">
				</field>
				<field 
						name="info1"
						type="textarea"
						label="MOD_CATEGOTY_FAQ_INFO1"
						required="false"
						default=""
						cols="50"
						rows="10"
						class=""
						filter="raw">
				</field>
				
				<field 
						name="label2"
						type="text"
						label="MOD_CATEGOTY_FAQ_LABEL2"
						required="false"
						default=""
						size="10"
						class=""
						readonly="false"
						disabled="false"
						filter="">
				</field>
				<field 
						name="info2"
						type="textarea"
						label="MOD_CATEGOTY_FAQ_INFO2"
						required="false"
						default=""
						cols="50"
						rows="10"
						class=""
						filter="raw">
				</field>
				
				<field 
						name="label3"
						type="text"
						label="MOD_CATEGOTY_FAQ_LABEL3"
						required="false"
						default=""
						size="10"
						class=""
						readonly="false"
						disabled="false"
						filter="">
				</field>
				<field 
						name="info3"
						type="textarea"
						label="MOD_CATEGOTY_FAQ_INFO3"
						required="false"
						default=""
						cols="50"
						rows="10"
						class=""
						filter="raw">
				</field>
				
				<field 
						name="label4"
						type="text"
						label="MOD_CATEGOTY_FAQ_LABEL4"
						required="false"
						default=""
						size="10"
						class=""
						readonly="false"
						disabled="false"
						filter="">
				</field>
				<field 
						name="info4"
						type="textarea"
						label="MOD_CATEGOTY_FAQ_INFO4"
						required="false"
						default=""
						cols="50"
						rows="10"
						class=""
						filter="raw">
				</field>
				
				<field 
						name="label5"
						type="text"
						label="MOD_CATEGOTY_FAQ_LABEL5"
						required="false"
						default=""
						size="10"
						class=""
						readonly="false"
						disabled="false"
						filter="">
				</field>
				<field 
						name="info5"
						type="textarea"
						label="MOD_CATEGOTY_FAQ_INFO5"
						required="false"
						default=""
						cols="50"
						rows="10"
						class=""
						filter="raw">
				</field>
				
				<field 
						name="label6"
						type="text"
						label="MOD_CATEGOTY_FAQ_LABEL6"
						required="false"
						default=""
						size="10"
						class=""
						readonly="false"
						disabled="false"
						filter="">
				</field>
				<field 
						name="info6"
						type="textarea"
						label="MOD_CATEGOTY_FAQ_INFO6"
						required="false"
						default=""
						cols="50"
						rows="10"
						class=""
						filter="raw">
				</field>
				
				<field 
						name="label7"
						type="text"
						label="MOD_CATEGOTY_FAQ_LABEL7"
						required="false"
						default=""
						size="10"
						class=""
						readonly="false"
						disabled="false"
						filter="">
				</field>
				<field 
						name="info7"
						type="textarea"
						label="MOD_CATEGOTY_FAQ_INFO7"
						required="false"
						default=""
						cols="50"
						rows="10"
						class=""
						filter="raw">
				</field>
				
				<field 
						name="label8"
						type="text"
						label="MOD_CATEGOTY_FAQ_LABEL8"
						required="false"
						default=""
						size="10"
						class=""
						readonly="false"
						disabled="false"
						filter="">
				</field>
				<field 
						name="info8"
						type="textarea"
						label="MOD_CATEGOTY_FAQ_INFO8"
						required="false"
						default=""
						cols="50"
						rows="10"
						class=""
						filter="raw">
				</field>
				
				<field 
						name="label9"
						type="text"
						label="MOD_CATEGOTY_FAQ_LABEL9"
						required="false"
						default=""
						size="10"
						class=""
						readonly="false"
						disabled="false"
						filter="">
				</field>
				<field 
						name="info9"
						type="textarea"
						label="MOD_CATEGOTY_FAQ_INFO9"
						required="false"
						default=""
						cols="50"
						rows="10"
						class=""
						filter="raw">
				</field>
            </fieldset>
            <fieldset name="advanced">
                <field name="layout" type="modulelayout" label="JFIELD_ALT_LAYOUT_LABEL"
                       description="JFIELD_ALT_MODULE_LAYOUT_DESC"/>
                <field name="moduleclass_sfx" type="text" label="COM_MODULES_FIELD_MODULECLASS_SFX_LABEL"
                       description="COM_MODULES_FIELD_MODULECLASS_SFX_DESC"/>
                <field name="cache" type="list" label="COM_MODULES_FIELD_CACHING_LABEL"
                       description="COM_MODULES_FIELD_CACHING_DESC" default="1">
                    <option value="0">COM_MODULES_FIELD_VALUE_NOCACHING</option>
                    <option value="1">JGLOBAL_USE_GLOBAL</option>
                </field>
            </fieldset>
        </fields>
    </config>
</extension>